"nsnps"	"hit1"	"hit2"	"PP.H0.abf"	"PP.H1.abf"	"PP.H2.abf"	"PP.H3.abf"	"PP.H4.abf"	"idx1"	"idx2"	"trait1"	"locus_id1"	"trait2"	"locus_id2"	"region"	"nSNPs"	"gene"
4128	"rs10817865"	"rs12005413"	4.05831818099498e-08	0.000237682681390186	0.000170674780833243	0.999587449971217	4.15198337760233e-06	1	1	"cortical_grl"	39	"limb_grl"	131	"chr9:117983738-119762704"	4128	"PAPPA"
4128	"rs10817865"	"rs3789283"	2.68038576650951e-07	0.00156981598714342	5.21533301030851e-06	0.0286048933408948	0.969819807300374	1	3	"cortical_grl"	39	"limb_grl"	131	"chr9:117983738-119762704"	4128	"PAPPA"
4128	"rs10817865"	"rs4837682"	1.54490268935323e-53	9.04799962240422e-50	0.000170715551557692	0.999826233231251	3.05121719788299e-06	1	2	"cortical_grl"	39	"trunk_grl"	195	"chr9:117983738-119762704"	4128	"PAPPA"
4128	"rs10817865"	"rs7847189"	3.3514026980315e-08	0.00019628090853417	0.000170670458938505	0.999562004302048	7.1010816451633e-05	1	6	"cortical_grl"	39	"trunk_grl"	195	"chr9:117983738-119762704"	4128	"PAPPA"
4128	"rs10817865"	"rs7869550"	1.09078916486414e-45	6.38840233746059e-42	0.000170715772795403	0.999827531546649	1.75268054947057e-06	1	1	"cortical_grl"	39	"trunk_grl"	195	"chr9:117983738-119762704"	4128	"PAPPA"
4128	"rs10817865"	"rs74499435"	8.62711710163288e-08	0.000505262582659428	0.000170594455061729	0.999116601079583	0.000207455611524512	1	7	"cortical_grl"	39	"trunk_grl"	195	"chr9:117983738-119762704"	4128	"PAPPA"
4128	"rs10817865"	"rs71505577"	1.03040952680682e-29	6.03477816028198e-26	0.000170715818804465	0.99982780154705	1.48263414033234e-06	1	3	"cortical_grl"	39	"trunk_grl"	195	"chr9:117983738-119762704"	4128	"PAPPA"
4128	"rs10817865"	"rs4449863"	1.74662521478547e-11	1.02294237642091e-07	0.000170715477594492	0.999825799389293	3.38282140924653e-06	1	5	"cortical_grl"	39	"trunk_grl"	195	"chr9:117983738-119762704"	4128	"PAPPA"
4128	"rs10817865"	"rs1830584"	5.50771567113717e-10	3.22569244368534e-06	0.000170715189471036	0.999824114820757	1.9437465570923e-06	1	8	"cortical_grl"	39	"trunk_grl"	195	"chr9:117983738-119762704"	4128	"PAPPA"
4128	"rs10817865"	"rs7469165"	4.85554477728034e-08	0.000284373686538092	0.000170661142684564	0.999507509197103	3.74074182287009e-05	1	9	"cortical_grl"	39	"trunk_grl"	195	"chr9:117983738-119762704"	4128	"PAPPA"
4128	"rs10817865"	"rs10983163"	8.09646333996981e-06	0.0474183893572772	0.000161079143169886	0.943370802405246	0.00904163263096801	1	10	"cortical_grl"	39	"trunk_grl"	195	"chr9:117983738-119762704"	4128	"PAPPA"
4128	"rs4837682"	"rs12005413"	2.15127824747097e-53	0.000237721543953571	9.04731780563373e-50	0.999750874092821	1.1404363228652e-05	2	1	"limb_grl"	131	"trunk_grl"	195	"chr9:117983738-119762704"	4128	"PAPPA"
4128	"rs7847189"	"rs12005413"	4.66700541443128e-08	0.000237667635828222	0.000196273453862193	0.999524099519682	4.19127205731242e-05	6	1	"limb_grl"	131	"trunk_grl"	195	"chr9:117983738-119762704"	4128	"PAPPA"
4128	"rs7869550"	"rs12005413"	1.51893618935037e-45	0.000237723635093268	6.38796884953695e-42	0.999759686122926	2.59024197962002e-06	1	1	"limb_grl"	131	"trunk_grl"	195	"chr9:117983738-119762704"	4128	"PAPPA"
4128	"rs74499435"	"rs12005413"	1.19901210664598e-07	0.000237095213309407	0.000504251070003675	0.997112537281097	0.00214599653437968	7	1	"limb_grl"	131	"trunk_grl"	195	"chr9:117983738-119762704"	4128	"PAPPA"
4128	"rs71505577"	"rs12005413"	1.43485716455879e-29	0.000237723748997354	6.03436993272027e-26	0.999760166112964	2.11013804074842e-06	3	1	"limb_grl"	131	"trunk_grl"	195	"chr9:117983738-119762704"	4128	"PAPPA"
4128	"rs4449863"	"rs12005413"	2.43219343688854e-11	0.000237723044798489	1.02287219304039e-07	0.999757198834959	4.97580870122531e-06	5	1	"limb_grl"	131	"trunk_grl"	195	"chr9:117983738-119762704"	4128	"PAPPA"
4128	"rs1830584"	"rs12005413"	7.66951011160534e-10	0.000237721398494488	3.22545423748824e-06	0.99975026759588	8.78478443619093e-06	8	1	"limb_grl"	131	"trunk_grl"	195	"chr9:117983738-119762704"	4128	"PAPPA"
4128	"rs7469165"	"rs12005413"	6.17020897414453e-08	0.000216868541519221	0.000259491498051846	0.911877166906892	0.0876464113514475	9	1	"limb_grl"	131	"trunk_grl"	195	"chr9:117983738-119762704"	4128	"PAPPA"
4128	"rs10983163"	"rs12005413"	1.10879922772931e-05	0.000220595613233191	0.04663115525712	0.927675940318026	0.0254612208193447	10	1	"limb_grl"	131	"trunk_grl"	195	"chr9:117983738-119762704"	4128	"PAPPA"
4128	"rs4837682"	"rs3789283"	4.40515698892135e-51	0.0486780695149652	8.57128885959974e-50	0.947140162588837	0.00418176789620085	2	3	"limb_grl"	131	"trunk_grl"	195	"chr9:117983738-119762704"	4128	"PAPPA"
4128	"rs7847189"	"rs3789283"	9.57916938095293e-06	0.0487819991150923	0.000186385702043471	0.949167015578555	0.0018550204349289	6	3	"limb_grl"	131	"trunk_grl"	195	"chr9:117983738-119762704"	4128	"PAPPA"
4128	"rs7869550"	"rs3789283"	3.12150974434381e-43	0.048853707522884	6.07364544875789e-42	0.950564821639911	0.000581470837201235	1	3	"limb_grl"	131	"trunk_grl"	195	"chr9:117983738-119762704"	4128	"PAPPA"
4128	"rs74499435"	"rs3789283"	2.42468114712401e-05	0.0479461625615096	0.000471779837964741	0.93287014660004	0.0186876641890153	7	3	"limb_grl"	131	"trunk_grl"	195	"chr9:117983738-119762704"	4128	"PAPPA"
4128	"rs71505577"	"rs3789283"	2.94889891475245e-27	0.0488566613280103	5.73778970412869e-26	0.950622416095575	0.000520922576416443	3	3	"limb_grl"	131	"trunk_grl"	195	"chr9:117983738-119762704"	4128	"PAPPA"
4128	"rs4449863"	"rs3789283"	4.99663523016332e-09	0.0488372068868574	9.72215155816034e-08	0.950243085944943	0.000919604950048336	5	3	"limb_grl"	131	"trunk_grl"	195	"chr9:117983738-119762704"	4128	"PAPPA"
4128	"rs1830584"	"rs3789283"	1.57443804121217e-07	0.04880071967485	3.06344660966926e-06	0.949531650165071	0.00166440926966474	8	3	"limb_grl"	131	"trunk_grl"	195	"chr9:117983738-119762704"	4128	"PAPPA"
4128	"rs7469165"	"rs3789283"	1.38483298396421e-05	0.0486736690343081	0.000269452452153474	0.947054928020948	0.00398810216274957	9	3	"limb_grl"	131	"trunk_grl"	195	"chr9:117983738-119762704"	4128	"PAPPA"
4128	"rs10983163"	"rs3789283"	0.00231735949933444	0.0461038686764164	0.0450897838834947	0.89704238511983	0.0094466028209245	10	3	"limb_grl"	131	"trunk_grl"	195	"chr9:117983738-119762704"	4128	"PAPPA"
